{"cameraMode":{"drawMode":0,"name":"Shaded","section":"Shading Mode"},"sceneLighting":true,"audioPlay":false,"sceneViewState":{"showFog":true,"showMaterialUpdate":true,"showSkybox":true,"showFlares":true,"showImageEffects":true,"showParticleSystems":true},"in2DMode":false,"pivot":{"x":3.980131149291992,"y":5.723112106323242,"z":-173.7890625},"rotation":{"x":0.060790665447711948,"y":0.2765817642211914,"z":-0.017527731135487558,"w":0.958910346031189},"size":18.377016067504884,"orthographic":false}