{"cameraMode":{"drawMode":0,"name":"Shaded","section":"Shading Mode"},"sceneLighting":true,"audioPlay":false,"sceneViewState":{"showFog":true,"showMaterialUpdate":false,"showSkybox":true,"showFlares":true,"showImageEffects":true,"showParticleSystems":true},"in2DMode":false,"pivot":{"x":-0.00019073486328125,"y":0.33988308906555178,"z":-0.0000762939453125},"rotation":{"x":-0.19274365901947022,"y":-0.677509069442749,"z":0.19102023541927339,"w":-0.6836293935775757},"size":154.351806640625,"orthographic":false}