{"cameraMode":{"drawMode":0,"name":"Shaded","section":"Shading Mode"},"sceneLighting":false,"audioPlay":false,"sceneViewState":{"showFog":true,"showMaterialUpdate":false,"showSkybox":true,"showFlares":true,"showImageEffects":true,"showParticleSystems":true},"in2DMode":false,"pivot":{"x":-25.757431030273439,"y":0.44504114985466006,"z":-16.107568740844728},"rotation":{"x":0.17490574717521668,"y":-0.8025248050689697,"z":0.28163444995880129,"w":0.496660053730011},"size":69.91921997070313,"orthographic":false}