{"cameraMode":{"drawMode":0,"name":"Shaded","section":"Shading Mode"},"sceneLighting":false,"audioPlay":false,"sceneViewState":{"showFog":true,"showMaterialUpdate":false,"showSkybox":true,"showFlares":true,"showImageEffects":true,"showParticleSystems":true},"in2DMode":false,"pivot":{"x":-26.74966049194336,"y":0.0330958366394043,"z":-28.06631088256836},"rotation":{"x":-0.37279483675956728,"y":0.15372389554977418,"z":-0.05949825420975685,"w":-0.9134387373924255},"size":38.04936218261719,"orthographic":false}