{"cameraMode":{"drawMode":0,"name":"Shaded","section":"Shading Mode"},"sceneLighting":true,"audioPlay":false,"sceneViewState":{"showFog":true,"showMaterialUpdate":true,"showSkybox":true,"showFlares":true,"showImageEffects":true,"showParticleSystems":true},"in2DMode":false,"pivot":{"x":12.81401538848877,"y":19.6297550201416,"z":-30.556291580200197},"rotation":{"x":0.03722516447305679,"y":0.6055704951286316,"z":-0.028351277112960817,"w":0.794423520565033},"size":0.340945303440094,"orthographic":false}