{"cameraMode":{"drawMode":0,"name":"Shaded","section":"Shading Mode"},"sceneLighting":true,"audioPlay":false,"sceneViewState":{"showFog":true,"showMaterialUpdate":false,"showSkybox":true,"showFlares":true,"showImageEffects":true,"showParticleSystems":true},"in2DMode":false,"pivot":{"x":81.76673889160156,"y":-37.5669059753418,"z":-85.29512023925781},"rotation":{"x":0.309640496969223,"y":0.053031112998723987,"z":-0.01731386035680771,"w":0.9492591023445129},"size":84.31806182861328,"orthographic":false}