{"cameraMode":{"drawMode":0,"name":"Shaded","section":"Shading Mode"},"sceneLighting":false,"audioPlay":false,"sceneViewState":{"showFog":true,"showMaterialUpdate":false,"showSkybox":true,"showFlares":true,"showImageEffects":true,"showParticleSystems":true},"in2DMode":false,"pivot":{"x":-17.270423889160158,"y":1.498763918876648,"z":-9.143453598022461},"rotation":{"x":-0.08451344817876816,"y":0.6478408575057983,"z":-0.07212989032268524,"w":-0.7539562582969666},"size":22.842052459716798,"orthographic":false}