{"cameraMode":{"drawMode":0,"name":"Shaded","section":"Shading Mode"},"sceneLighting":true,"audioPlay":false,"sceneViewState":{"showFog":true,"showMaterialUpdate":true,"showSkybox":true,"showFlares":true,"showImageEffects":true,"showParticleSystems":true},"in2DMode":false,"pivot":{"x":229.1510009765625,"y":3.2799997329711916,"z":821.603271484375},"rotation":{"x":0.05414118245244026,"y":-0.8865256905555725,"z":0.44677266478538515,"w":0.10744576901197434},"size":88.08659362792969,"orthographic":false}