{"cameraMode":{"drawMode":0,"name":"Shaded","section":"Shading Mode"},"sceneLighting":false,"audioPlay":false,"sceneViewState":{"showFog":true,"showMaterialUpdate":false,"showSkybox":true,"showFlares":true,"showImageEffects":true,"showParticleSystems":true},"in2DMode":false,"pivot":{"x":-4.6570634841918949,"y":2.308568000793457,"z":-3.741107702255249},"rotation":{"x":0.22532126307487489,"y":-0.5767472386360169,"z":0.1688190996646881,"w":0.7673003077507019},"size":13.043190002441407,"orthographic":false}