{"cameraMode":{"drawMode":2,"name":"Shaded Wireframe","section":"Shading Mode"},"sceneLighting":true,"audioPlay":false,"sceneViewState":{"showFog":true,"showMaterialUpdate":false,"showSkybox":true,"showFlares":true,"showImageEffects":true,"showParticleSystems":true},"in2DMode":false,"pivot":{"x":253.3470916748047,"y":206.56146240234376,"z":-49.617095947265628},"rotation":{"x":-0.13936401903629304,"y":-0.20487995445728303,"z":0.029089219868183137,"w":-0.9686874747276306},"size":437.1636962890625,"orthographic":false}