{"cameraMode":{"drawMode":0,"name":"Shaded","section":"Shading Mode"},"sceneLighting":false,"audioPlay":false,"sceneViewState":{"showFog":true,"showMaterialUpdate":false,"showSkybox":true,"showFlares":true,"showImageEffects":true,"showParticleSystems":true},"in2DMode":false,"pivot":{"x":-8.082058906555176,"y":2.38283109664917,"z":-0.19162365794181825},"rotation":{"x":-0.08326701819896698,"y":-0.7074840068817139,"z":-0.08563659340143204,"w":0.6970284581184387},"size":14.311446189880371,"orthographic":false}