{"cameraMode":{"drawMode":0,"name":"Shaded","section":"Shading Mode"},"sceneLighting":false,"audioPlay":false,"sceneViewState":{"showFog":true,"showMaterialUpdate":false,"showSkybox":true,"showFlares":true,"showImageEffects":true,"showParticleSystems":true},"in2DMode":false,"pivot":{"x":-4.071466445922852,"y":-1.6365524530410767,"z":-0.09101509302854538},"rotation":{"x":0.1396917700767517,"y":-0.8135246634483337,"z":0.21925324201583863,"w":0.5214680433273315},"size":46.14298629760742,"orthographic":false}