{"cameraMode":{"drawMode":0,"name":"Shaded","section":"Shading Mode"},"sceneLighting":false,"audioPlay":false,"sceneViewState":{"showFog":true,"showMaterialUpdate":false,"showSkybox":true,"showFlares":true,"showImageEffects":true,"showParticleSystems":true},"in2DMode":false,"pivot":{"x":3.29368257522583,"y":3.2640020847320558,"z":13.64841365814209},"rotation":{"x":0.2219509333372116,"y":-0.008472115732729435,"z":0.001933119259774685,"w":0.9750885367393494},"size":6.213934898376465,"orthographic":false}