{"cameraMode":{"drawMode":0,"name":"Shaded","section":"Shading Mode"},"sceneLighting":false,"audioPlay":false,"sceneViewState":{"showFog":true,"showMaterialUpdate":false,"showSkybox":true,"showFlares":true,"showImageEffects":true,"showParticleSystems":true},"in2DMode":false,"pivot":{"x":-8.905250549316407,"y":4.1966423988342289,"z":-17.07294273376465},"rotation":{"x":-0.23280367255210877,"y":-0.6514202952384949,"z":0.22188036143779756,"w":-0.6876550912857056},"size":55.423553466796878,"orthographic":false}