{"cameraMode":{"drawMode":0,"name":"Shaded","section":"Shading Mode"},"sceneLighting":true,"audioPlay":false,"sceneViewState":{"showFog":true,"showMaterialUpdate":false,"showSkybox":true,"showFlares":true,"showImageEffects":true,"showParticleSystems":true},"in2DMode":false,"pivot":{"x":6.471330642700195,"y":1.492318034172058,"z":-170.91966247558595},"rotation":{"x":0.2168702632188797,"y":0.7332530617713928,"z":-0.2763764560222626,"w":0.5828701853752136},"size":39.626075744628909,"orthographic":false}