{"cameraMode":{"drawMode":0,"name":"Shaded","section":"Shading Mode"},"sceneLighting":false,"audioPlay":false,"sceneViewState":{"showFog":true,"showMaterialUpdate":false,"showSkybox":true,"showFlares":true,"showImageEffects":true,"showParticleSystems":true},"in2DMode":false,"pivot":{"x":-9.270101547241211,"y":9.424989700317383,"z":-10.660138130187989},"rotation":{"x":0.2506764829158783,"y":0.38444986939430239,"z":-0.10810596495866776,"w":0.8826144933700562},"size":43.77328109741211,"orthographic":false}