{"cameraMode":{"drawMode":0,"name":"Shaded","section":"Shading Mode"},"sceneLighting":false,"audioPlay":false,"sceneViewState":{"showFog":true,"showMaterialUpdate":true,"showSkybox":true,"showFlares":true,"showImageEffects":true,"showParticleSystems":true},"in2DMode":false,"pivot":{"x":117.6378173828125,"y":2.1347498893737795,"z":-12.002774238586426},"rotation":{"x":0.0691925436258316,"y":-0.9065300822257996,"z":0.1638476699590683,"w":0.38285619020462038},"size":7.217136383056641,"orthographic":false}