{"cameraMode":{"drawMode":0,"name":"Shaded","section":"Shading Mode"},"sceneLighting":false,"audioPlay":false,"sceneViewState":{"showFog":true,"showMaterialUpdate":false,"showSkybox":true,"showFlares":true,"showImageEffects":true,"showParticleSystems":true},"in2DMode":false,"pivot":{"x":1.8428640365600587,"y":-0.023000668734312059,"z":-0.7187550663948059},"rotation":{"x":0.0029596237000077965,"y":-0.766146183013916,"z":0.0018392701167613268,"w":0.6431640982627869},"size":4.25485372543335,"orthographic":false}