{"cameraMode":{"drawMode":0,"name":"Shaded","section":"Shading Mode"},"sceneLighting":true,"audioPlay":false,"sceneViewState":{"showFog":true,"showMaterialUpdate":false,"showSkybox":true,"showFlares":true,"showImageEffects":true,"showParticleSystems":true},"in2DMode":false,"pivot":{"x":5.7618913650512699,"y":3.5991523265838625,"z":-176.93589782714845},"rotation":{"x":-0.22183096408843995,"y":-0.03159007802605629,"z":0.007209726609289646,"w":-0.9745553731918335},"size":5.172773361206055,"orthographic":false}