{"cameraMode":{"drawMode":0,"name":"Shaded","section":"Shading Mode"},"sceneLighting":false,"audioPlay":false,"sceneViewState":{"showFog":true,"showMaterialUpdate":false,"showSkybox":true,"showFlares":true,"showImageEffects":true,"showParticleSystems":true},"in2DMode":false,"pivot":{"x":4.697155952453613,"y":3.933399200439453,"z":14.105863571166993},"rotation":{"x":0.15995670855045319,"y":-0.045574385672807696,"z":0.007445877883583307,"w":0.9861344695091248},"size":3.5062665939331056,"orthographic":false}