{"cameraMode":{"drawMode":0,"name":"Shaded","section":"Shading Mode"},"sceneLighting":false,"audioPlay":false,"sceneViewState":{"showFog":true,"showMaterialUpdate":true,"showSkybox":true,"showFlares":true,"showImageEffects":true,"showParticleSystems":true},"in2DMode":false,"pivot":{"x":104.01702117919922,"y":1.3609217405319214,"z":-30.665653228759767},"rotation":{"x":-0.12302026152610779,"y":-0.5520405173301697,"z":0.0827493742108345,"w":-0.8205402493476868},"size":5.203585147857666,"orthographic":false}