{"cameraMode":{"drawMode":0,"name":"Shaded","section":"Shading Mode"},"sceneLighting":false,"audioPlay":false,"sceneViewState":{"showFog":true,"showMaterialUpdate":false,"showSkybox":true,"showFlares":true,"showImageEffects":true,"showParticleSystems":true},"in2DMode":false,"pivot":{"x":-13.19503402709961,"y":0.9014129638671875,"z":-1.1699086427688599},"rotation":{"x":0.11708323657512665,"y":-0.7562134861946106,"z":0.139789417386055,"w":0.6289084553718567},"size":27.124008178710939,"orthographic":false}