{"cameraMode":{"drawMode":0,"name":"Shaded","section":"Shading Mode"},"sceneLighting":true,"audioPlay":false,"sceneViewState":{"showFog":true,"showMaterialUpdate":true,"showSkybox":true,"showFlares":true,"showImageEffects":true,"showParticleSystems":true},"in2DMode":false,"pivot":{"x":5.733516693115234,"y":-0.5027420520782471,"z":3.1194205284118654},"rotation":{"x":0.0691925436258316,"y":-0.9065300822257996,"z":0.1638476699590683,"w":0.38285619020462038},"size":0.202909916639328,"orthographic":false}