{"cameraMode":{"drawMode":0,"name":"Shaded","section":"Shading Mode"},"sceneLighting":false,"audioPlay":false,"sceneViewState":{"showFog":true,"showMaterialUpdate":false,"showSkybox":true,"showFlares":true,"showImageEffects":true,"showParticleSystems":true},"in2DMode":false,"pivot":{"x":-5.596190929412842,"y":2.0368452072143556,"z":7.874573707580566},"rotation":{"x":0.2998310923576355,"y":-0.6917372941970825,"z":0.39588671922683718,"w":0.5255491137504578},"size":51.1043815612793,"orthographic":false}