{"cameraMode":{"drawMode":0,"name":"Shaded","section":"Shading Mode"},"sceneLighting":false,"audioPlay":false,"sceneViewState":{"showFog":true,"showMaterialUpdate":false,"showSkybox":true,"showFlares":true,"showImageEffects":true,"showParticleSystems":true},"in2DMode":false,"pivot":{"x":5.051227569580078,"y":11.809268951416016,"z":-8.0692138671875},"rotation":{"x":0.1529449075460434,"y":-0.49574050307273867,"z":0.0879773199558258,"w":0.850741982460022},"size":26.150972366333009,"orthographic":false}