{"cameraMode":{"drawMode":0,"name":"Shaded","section":"Shading Mode"},"sceneLighting":false,"audioPlay":false,"sceneViewState":{"showFog":true,"showMaterialUpdate":false,"showSkybox":true,"showFlares":true,"showImageEffects":true,"showParticleSystems":true},"in2DMode":false,"pivot":{"x":-6.0748114585876469,"y":-1.3961968421936036,"z":-0.9336698055267334},"rotation":{"x":0.054121535271406177,"y":-0.6664330363273621,"z":0.04789811372756958,"w":0.7424865961074829},"size":16.32562828063965,"orthographic":false}