{"cameraMode":{"drawMode":0,"name":"Shaded","section":"Shading Mode"},"sceneLighting":true,"audioPlay":false,"sceneViewState":{"showFog":true,"showMaterialUpdate":false,"showSkybox":true,"showFlares":true,"showImageEffects":true,"showParticleSystems":true},"in2DMode":false,"pivot":{"x":104.92784118652344,"y":24.737775802612306,"z":-105.69967651367188},"rotation":{"x":0.14362122118473054,"y":0.7135971188545227,"z":-0.15354745090007783,"w":0.6683936715126038},"size":52.498199462890628,"orthographic":false}