{"cameraMode":{"drawMode":2,"name":"Shaded Wireframe","section":"Shading Mode"},"sceneLighting":true,"audioPlay":false,"sceneViewState":{"showFog":true,"showMaterialUpdate":false,"showSkybox":true,"showFlares":true,"showImageEffects":true,"showParticleSystems":true},"in2DMode":false,"pivot":{"x":26.18981170654297,"y":-2.2714767456054689,"z":-154.7336883544922},"rotation":{"x":-0.19343656301498414,"y":-0.47992607951164248,"z":0.10895676165819168,"w":-0.8491042256355286},"size":129.55615234375,"orthographic":false}