{"cameraMode":{"drawMode":0,"name":"Shaded","section":"Shading Mode"},"sceneLighting":false,"audioPlay":false,"sceneViewState":{"showFog":true,"showMaterialUpdate":false,"showSkybox":true,"showFlares":true,"showImageEffects":true,"showParticleSystems":true},"in2DMode":false,"pivot":{"x":-11.015073776245118,"y":10.210739135742188,"z":-15.340780258178711},"rotation":{"x":0.02613958716392517,"y":-0.7100861072540283,"z":0.02522183582186699,"w":0.7036323547363281},"size":14.401178359985352,"orthographic":false}