{"cameraMode":{"drawMode":2,"name":"Shaded Wireframe","section":"Shading Mode"},"sceneLighting":true,"audioPlay":false,"sceneViewState":{"showFog":true,"showMaterialUpdate":false,"showSkybox":true,"showFlares":true,"showImageEffects":true,"showParticleSystems":true},"in2DMode":false,"pivot":{"x":4.128040313720703,"y":6.9230475425720219,"z":5.532434463500977},"rotation":{"x":-0.013210888020694256,"y":-0.4855371415615082,"z":0.007754012010991573,"w":-0.874448835849762},"size":19.969432830810548,"orthographic":false}