{"cameraMode":{"drawMode":0,"name":"Shaded","section":"Shading Mode"},"sceneLighting":true,"audioPlay":false,"sceneViewState":{"showFog":true,"showMaterialUpdate":true,"showSkybox":true,"showFlares":true,"showImageEffects":true,"showParticleSystems":true},"in2DMode":false,"pivot":{"x":590.917724609375,"y":2.680000066757202,"z":-340.4934997558594},"rotation":{"x":-0.26522043347358706,"y":0.27869322896003725,"z":-0.08039017766714096,"w":-0.9195379018783569},"size":22.0,"orthographic":false}