{"cameraMode":{"drawMode":0,"name":"Shaded","section":"Shading Mode"},"sceneLighting":false,"audioPlay":false,"sceneViewState":{"showFog":true,"showMaterialUpdate":false,"showSkybox":true,"showFlares":true,"showImageEffects":true,"showParticleSystems":true},"in2DMode":false,"pivot":{"x":-23.022968292236329,"y":-2.7483577728271486,"z":-21.366710662841798},"rotation":{"x":0.3516431152820587,"y":0.07844404876232147,"z":-0.028589121997356416,"w":0.9331195950508118},"size":59.51875305175781,"orthographic":false}