{"cameraMode":{"drawMode":0,"name":"Shaded","section":"Shading Mode"},"sceneLighting":false,"audioPlay":false,"sceneViewState":{"showFog":true,"showMaterialUpdate":false,"showSkybox":true,"showFlares":true,"showImageEffects":true,"showParticleSystems":true},"in2DMode":false,"pivot":{"x":-2.231172561645508,"y":-2.0962181091308595,"z":-14.573863983154297},"rotation":{"x":0.3441638946533203,"y":-0.5941492319107056,"z":0.31051209568977358,"w":0.6578586101531982},"size":42.54928207397461,"orthographic":false}