{"cameraMode":{"drawMode":0,"name":"Shaded","section":"Shading Mode"},"sceneLighting":true,"audioPlay":false,"sceneViewState":{"showFog":true,"showMaterialUpdate":false,"showSkybox":true,"showFlares":true,"showImageEffects":true,"showParticleSystems":true},"in2DMode":false,"pivot":{"x":-17.921720504760743,"y":-13.360450744628907,"z":6.7689971923828129},"rotation":{"x":-0.35851746797561648,"y":0.17681984603405,"z":-0.06935840100049973,"w":-0.9139979481697083},"size":96.95720672607422,"orthographic":false}