{"cameraMode":{"drawMode":0,"name":"Shaded","section":"Shading Mode"},"sceneLighting":false,"audioPlay":false,"sceneViewState":{"showFog":true,"showMaterialUpdate":false,"showSkybox":true,"showFlares":true,"showImageEffects":true,"showParticleSystems":true},"in2DMode":false,"pivot":{"x":-9.215258598327637,"y":-2.4522602558135988,"z":-0.06968830525875092},"rotation":{"x":0.2700347900390625,"y":-0.5647233724594116,"z":0.2019299864768982,"w":0.7536826729774475},"size":34.502201080322269,"orthographic":false}