{"cameraMode":{"drawMode":0,"name":"Shaded","section":"Shading Mode"},"sceneLighting":false,"audioPlay":false,"sceneViewState":{"showFog":true,"showMaterialUpdate":false,"showSkybox":true,"showFlares":true,"showImageEffects":true,"showParticleSystems":true},"in2DMode":false,"pivot":{"x":-15.610658645629883,"y":2.4540109634399416,"z":-5.8339524269104},"rotation":{"x":0.2359132170677185,"y":-0.24507185816764832,"z":0.06227312609553337,"w":0.9390116333961487},"size":59.48781967163086,"orthographic":false}