{"cameraMode":{"drawMode":0,"name":"Shaded","section":"Shading Mode"},"sceneLighting":true,"audioPlay":false,"sceneViewState":{"showFog":true,"showMaterialUpdate":false,"showSkybox":true,"showFlares":true,"showImageEffects":true,"showParticleSystems":true},"in2DMode":false,"pivot":{"x":-52.61894989013672,"y":-41.87657165527344,"z":84.465576171875},"rotation":{"x":0.15161147713661195,"y":0.11861803382635117,"z":-0.0183486919850111,"w":0.9811719059944153},"size":163.2612762451172,"orthographic":false}