{"cameraMode":{"drawMode":0,"name":"Shaded","section":"Shading Mode"},"sceneLighting":false,"audioPlay":false,"sceneViewState":{"showFog":true,"showMaterialUpdate":false,"showSkybox":true,"showFlares":true,"showImageEffects":true,"showParticleSystems":true},"in2DMode":false,"pivot":{"x":-13.299296379089356,"y":-0.3372763395309448,"z":-12.838846206665039},"rotation":{"x":0.16229018568992616,"y":-0.8272720575332642,"z":-0.29711267352104189,"w":-0.44889265298843386},"size":98.22217559814453,"orthographic":false}