{"cameraMode":{"drawMode":0,"name":"Shaded","section":"Shading Mode"},"sceneLighting":false,"audioPlay":false,"sceneViewState":{"showFog":true,"showMaterialUpdate":false,"showSkybox":true,"showFlares":true,"showImageEffects":true,"showParticleSystems":true},"in2DMode":false,"pivot":{"x":-12.899491310119629,"y":-1.1878539323806763,"z":3.0398190021514894},"rotation":{"x":0.07741742581129074,"y":-0.7073760032653809,"z":0.07762236893177033,"w":0.6987805962562561},"size":22.52052116394043,"orthographic":false}