{"cameraMode":{"drawMode":0,"name":"Shaded","section":"Shading Mode"},"sceneLighting":true,"audioPlay":false,"sceneViewState":{"showFog":true,"showMaterialUpdate":false,"showSkybox":true,"showFlares":true,"showImageEffects":true,"showParticleSystems":true},"in2DMode":false,"pivot":{"x":43.5743408203125,"y":-209.18182373046876,"z":-40.652008056640628},"rotation":{"x":-0.25164860486984255,"y":0.6109160780906677,"z":-0.21352513134479524,"w":-0.7197263836860657},"size":1561.4290771484375,"orthographic":false}