{"cameraMode":{"drawMode":0,"name":"Shaded","section":"Shading Mode"},"sceneLighting":false,"audioPlay":false,"sceneViewState":{"showFog":true,"showMaterialUpdate":false,"showSkybox":true,"showFlares":true,"showImageEffects":true,"showParticleSystems":true},"in2DMode":false,"pivot":{"x":-19.01671028137207,"y":2.6542718410491945,"z":-5.626270294189453},"rotation":{"x":-0.0804835706949234,"y":0.7653226256370544,"z":-0.09695419669151306,"w":-0.6315834522247315},"size":63.45026397705078,"orthographic":false}