{"cameraMode":{"drawMode":0,"name":"Shaded","section":"Shading Mode"},"sceneLighting":false,"audioPlay":false,"sceneViewState":{"showFog":true,"showMaterialUpdate":false,"showSkybox":true,"showFlares":true,"showImageEffects":true,"showParticleSystems":true},"in2DMode":false,"pivot":{"x":-1.1689400672912598,"y":0.8181440830230713,"z":-0.28684723377227785},"rotation":{"x":0.12918956577777863,"y":-0.7787659168243408,"z":0.16964030265808106,"w":0.5905078053474426},"size":16.149797439575197,"orthographic":false}