{"cameraMode":{"drawMode":2,"name":"Shaded Wireframe","section":"Shading Mode"},"sceneLighting":true,"audioPlay":false,"sceneViewState":{"showFog":true,"showMaterialUpdate":false,"showSkybox":true,"showFlares":true,"showImageEffects":true,"showParticleSystems":true},"in2DMode":false,"pivot":{"x":47.8153076171875,"y":68.16934204101563,"z":-160.58453369140626},"rotation":{"x":-0.12530860304832459,"y":-0.39266127347946169,"z":0.053897157311439517,"w":-0.9097102880477905},"size":539.80419921875,"orthographic":false}