{"cameraMode":{"drawMode":0,"name":"Shaded","section":"Shading Mode"},"sceneLighting":true,"audioPlay":false,"sceneViewState":{"showFog":true,"showMaterialUpdate":true,"showSkybox":true,"showFlares":true,"showImageEffects":true,"showParticleSystems":true},"in2DMode":false,"pivot":{"x":-267.9114685058594,"y":286.30828857421877,"z":-36.179443359375},"rotation":{"x":0.17190876603126527,"y":-0.021853741258382798,"z":0.0038325549103319647,"w":0.9848713278770447},"size":1538.6146240234375,"orthographic":false}