{"cameraMode":{"drawMode":0,"name":"Shaded","section":"Shading Mode"},"sceneLighting":false,"audioPlay":false,"sceneViewState":{"showFog":true,"showMaterialUpdate":false,"showSkybox":true,"showFlares":true,"showImageEffects":true,"showParticleSystems":true},"in2DMode":false,"pivot":{"x":-14.170698165893555,"y":4.9233832359313969,"z":6.259746551513672},"rotation":{"x":0.1727687120437622,"y":-0.7830359935760498,"z":0.24913287162780763,"w":0.5443037152290344},"size":57.84248733520508,"orthographic":false}