{"cameraMode":{"drawMode":0,"name":"Shaded","section":"Shading Mode"},"sceneLighting":true,"audioPlay":false,"sceneViewState":{"showFog":true,"showMaterialUpdate":true,"showSkybox":true,"showFlares":true,"showImageEffects":true,"showParticleSystems":true},"in2DMode":false,"pivot":{"x":336.7147216796875,"y":-40.59894561767578,"z":-371.1255187988281},"rotation":{"x":-0.1894157975912094,"y":0.4992121160030365,"z":-0.112850122153759,"w":-0.8379719853401184},"size":472.5124206542969,"orthographic":false}