{"cameraMode":{"drawMode":0,"name":"Shaded","section":"Shading Mode"},"sceneLighting":true,"audioPlay":false,"sceneViewState":{"showFog":true,"showMaterialUpdate":false,"showSkybox":true,"showFlares":true,"showImageEffects":true,"showParticleSystems":true},"in2DMode":false,"pivot":{"x":-25.865310668945314,"y":12.538735389709473,"z":28.154279708862306},"rotation":{"x":-0.15057939291000367,"y":0.31067538261413576,"z":-0.0499151274561882,"w":-0.9371880292892456},"size":56.979373931884769,"orthographic":false}