{"cameraMode":{"drawMode":0,"name":"Shaded","section":"Shading Mode"},"sceneLighting":false,"audioPlay":false,"sceneViewState":{"showFog":true,"showMaterialUpdate":false,"showSkybox":true,"showFlares":true,"showImageEffects":true,"showParticleSystems":true},"in2DMode":false,"pivot":{"x":74.21786499023438,"y":7.061473846435547,"z":138.75518798828126},"rotation":{"x":0.13713152706623078,"y":-0.43499451875686648,"z":0.06725358217954636,"w":0.887569785118103},"size":1638.68017578125,"orthographic":false}