{"cameraMode":{"drawMode":0,"name":"Shaded","section":"Shading Mode"},"sceneLighting":true,"audioPlay":false,"sceneViewState":{"showFog":true,"showMaterialUpdate":false,"showSkybox":true,"showFlares":true,"showImageEffects":true,"showParticleSystems":true},"in2DMode":false,"pivot":{"x":-247.8812713623047,"y":422.56781005859377,"z":221.51954650878907},"rotation":{"x":0.23401981592178346,"y":0.46212509274482729,"z":-0.10072777420282364,"w":0.8495328426361084},"size":2800.671142578125,"orthographic":false}