{"cameraMode":{"drawMode":0,"name":"Shaded","section":"Shading Mode"},"sceneLighting":false,"audioPlay":false,"sceneViewState":{"showFog":true,"showMaterialUpdate":true,"showSkybox":true,"showFlares":true,"showImageEffects":true,"showParticleSystems":true},"in2DMode":false,"pivot":{"x":232.16900634765626,"y":3.014376163482666,"z":812.6504516601563},"rotation":{"x":0.13921980559825898,"y":0.8562241196632385,"z":-0.30076318979263308,"w":0.39629456400871279},"size":12.256223678588868,"orthographic":false}