{"cameraMode":{"drawMode":0,"name":"Shaded","section":"Shading Mode"},"sceneLighting":true,"audioPlay":false,"sceneViewState":{"showFog":true,"showMaterialUpdate":false,"showSkybox":true,"showFlares":true,"showImageEffects":true,"showParticleSystems":true},"in2DMode":false,"pivot":{"x":41.28205108642578,"y":0.599853515625,"z":223.19894409179688},"rotation":{"x":-0.5064809918403626,"y":0.4936661720275879,"z":-0.5128757357597351,"w":-0.4878430962562561},"size":1175.0980224609375,"orthographic":false}