{"cameraMode":{"drawMode":0,"name":"Shaded","section":"Shading Mode"},"sceneLighting":false,"audioPlay":false,"sceneViewState":{"showFog":true,"showMaterialUpdate":false,"showSkybox":true,"showFlares":true,"showImageEffects":true,"showParticleSystems":true},"in2DMode":false,"pivot":{"x":-8.277384757995606,"y":4.040096282958984,"z":2.7884104251861574},"rotation":{"x":0.044417355209589007,"y":-0.6625639796257019,"z":0.038529619574546817,"w":0.7471337914466858},"size":15.160409927368164,"orthographic":false}