{"cameraMode":{"drawMode":0,"name":"Shaded","section":"Shading Mode"},"sceneLighting":false,"audioPlay":false,"sceneViewState":{"showFog":true,"showMaterialUpdate":false,"showSkybox":true,"showFlares":true,"showImageEffects":true,"showParticleSystems":true},"in2DMode":false,"pivot":{"x":-14.862777709960938,"y":1.3545632362365723,"z":6.259746074676514},"rotation":{"x":0.27596086263656618,"y":-0.6911852359771729,"z":0.3281574249267578,"w":0.5828796625137329},"size":53.76826858520508,"orthographic":false}