{"cameraMode":{"drawMode":0,"name":"Shaded","section":"Shading Mode"},"sceneLighting":true,"audioPlay":false,"sceneViewState":{"showFog":true,"showMaterialUpdate":true,"showSkybox":true,"showFlares":true,"showImageEffects":true,"showParticleSystems":true},"in2DMode":false,"pivot":{"x":228.93344116210938,"y":3.0448102951049806,"z":821.570068359375},"rotation":{"x":-0.07945960760116577,"y":-0.8903036713600159,"z":0.17058248817920686,"w":-0.4146779477596283},"size":2.328007698059082,"orthographic":false}