{"cameraMode":{"drawMode":0,"name":"Shaded","section":"Shading Mode"},"sceneLighting":true,"audioPlay":false,"sceneViewState":{"showFog":true,"showMaterialUpdate":true,"showSkybox":true,"showFlares":true,"showImageEffects":true,"showParticleSystems":true},"in2DMode":false,"pivot":{"x":6.20324182510376,"y":3.274486541748047,"z":-175.72657775878907},"rotation":{"x":0.14826053380966187,"y":0.003275397466495633,"z":-0.00048593393876217306,"w":0.9889481663703919},"size":5.47312593460083,"orthographic":false}