{"cameraMode":{"drawMode":0,"name":"Shaded","section":"Shading Mode"},"sceneLighting":false,"audioPlay":false,"sceneViewState":{"showFog":true,"showMaterialUpdate":false,"showSkybox":true,"showFlares":true,"showImageEffects":true,"showParticleSystems":true},"in2DMode":false,"pivot":{"x":-13.19503402709961,"y":0.9014129638671875,"z":-1.1699086427688599},"rotation":{"x":0.07050622254610062,"y":-0.7049715518951416,"z":0.06975530087947846,"w":0.7027169466018677},"size":30.411008834838868,"orthographic":false}