{"cameraMode":{"drawMode":0,"name":"Shaded","section":"Shading Mode"},"sceneLighting":false,"audioPlay":false,"sceneViewState":{"showFog":true,"showMaterialUpdate":false,"showSkybox":true,"showFlares":true,"showImageEffects":true,"showParticleSystems":true},"in2DMode":false,"pivot":{"x":3.854069232940674,"y":2.5383317470550539,"z":12.489765167236329},"rotation":{"x":0.3896562159061432,"y":-0.04802544414997101,"z":0.02037579007446766,"w":0.9195545315742493},"size":27.57189178466797,"orthographic":false}