{"cameraMode":{"drawMode":0,"name":"Shaded","section":"Shading Mode"},"sceneLighting":false,"audioPlay":false,"sceneViewState":{"showFog":true,"showMaterialUpdate":false,"showSkybox":true,"showFlares":true,"showImageEffects":true,"showParticleSystems":true},"in2DMode":false,"pivot":{"x":-8.415377616882325,"y":-0.7630205750465393,"z":-1.3882876634597779},"rotation":{"x":0.4915122985839844,"y":-0.5086483359336853,"z":0.5095658898353577,"w":0.4906040132045746},"size":35.68018341064453,"orthographic":false}