{"cameraMode":{"drawMode":0,"name":"Shaded","section":"Shading Mode"},"sceneLighting":true,"audioPlay":false,"sceneViewState":{"showFog":true,"showMaterialUpdate":false,"showSkybox":true,"showFlares":true,"showImageEffects":true,"showParticleSystems":true},"in2DMode":false,"pivot":{"x":-270.4555358886719,"y":7.119819641113281,"z":-82.66940307617188},"rotation":{"x":0.2568911015987396,"y":0.7335125207901001,"z":-0.3712792694568634,"w":0.5085231065750122},"size":139.42147827148438,"orthographic":false}