{"cameraMode":{"drawMode":0,"name":"Shaded","section":"Shading Mode"},"sceneLighting":false,"audioPlay":false,"sceneViewState":{"showFog":true,"showMaterialUpdate":false,"showSkybox":true,"showFlares":true,"showImageEffects":true,"showParticleSystems":true},"in2DMode":false,"pivot":{"x":-11.339426040649414,"y":1.5822067260742188,"z":-0.5830274820327759},"rotation":{"x":-0.03485827147960663,"y":-0.7179892659187317,"z":-0.03679685667157173,"w":0.6946685910224915},"size":15.681828498840332,"orthographic":false}