{"cameraMode":{"drawMode":0,"name":"Shaded","section":"Shading Mode"},"sceneLighting":false,"audioPlay":false,"sceneViewState":{"showFog":true,"showMaterialUpdate":false,"showSkybox":true,"showFlares":true,"showImageEffects":true,"showParticleSystems":true},"in2DMode":false,"pivot":{"x":-14.884675025939942,"y":1.8695416450500489,"z":6.259747505187988},"rotation":{"x":0.22559039294719697,"y":-0.6896823048591614,"z":0.2431022673845291,"w":0.6447351574897766},"size":56.658023834228519,"orthographic":false}