{"cameraMode":{"drawMode":0,"name":"Shaded","section":"Shading Mode"},"sceneLighting":false,"audioPlay":false,"sceneViewState":{"showFog":true,"showMaterialUpdate":false,"showSkybox":true,"showFlares":true,"showImageEffects":true,"showParticleSystems":true},"in2DMode":false,"pivot":{"x":-14.884675025939942,"y":1.8695416450500489,"z":6.259747505187988},"rotation":{"x":-0.13940177857875825,"y":-0.8461788892745972,"z":0.4408477544784546,"w":-0.26744526624679568},"size":56.658023834228519,"orthographic":false}