{"cameraMode":{"drawMode":0,"name":"Shaded","section":"Shading Mode"},"sceneLighting":false,"audioPlay":false,"sceneViewState":{"showFog":true,"showMaterialUpdate":false,"showSkybox":true,"showFlares":true,"showImageEffects":true,"showParticleSystems":true},"in2DMode":false,"pivot":{"x":528.4486694335938,"y":113.68146514892578,"z":-97.91038513183594},"rotation":{"x":-0.21226076781749726,"y":0.08985623717308045,"z":-0.01959267258644104,"w":-0.9728823304176331},"size":71.28629302978516,"orthographic":false}