{"cameraMode":{"drawMode":0,"name":"Shaded","section":"Shading Mode"},"sceneLighting":false,"audioPlay":false,"sceneViewState":{"showFog":true,"showMaterialUpdate":false,"showSkybox":true,"showFlares":true,"showImageEffects":true,"showParticleSystems":true},"in2DMode":false,"pivot":{"x":274.95379638671877,"y":195.33836364746095,"z":32.179290771484378},"rotation":{"x":-0.04065422713756561,"y":-0.09718628227710724,"z":0.0035862578079104425,"w":-0.9947294592857361},"size":429.3905944824219,"orthographic":false}