{"cameraMode":{"drawMode":0,"name":"Shaded","section":"Shading Mode"},"sceneLighting":false,"audioPlay":false,"sceneViewState":{"showFog":true,"showMaterialUpdate":false,"showSkybox":true,"showFlares":true,"showImageEffects":true,"showParticleSystems":true},"in2DMode":false,"pivot":{"x":3.4475367069244386,"y":4.466866493225098,"z":14.228694915771485},"rotation":{"x":0.2219509333372116,"y":-0.008472115732729435,"z":0.001933119259774685,"w":0.9750885367393494},"size":21.357046127319337,"orthographic":false}