{"cameraMode":{"drawMode":2,"name":"Shaded Wireframe","section":"Shading Mode"},"sceneLighting":true,"audioPlay":false,"sceneViewState":{"showFog":true,"showMaterialUpdate":false,"showSkybox":true,"showFlares":true,"showImageEffects":true,"showParticleSystems":true},"in2DMode":false,"pivot":{"x":5.729358673095703,"y":10.953742027282715,"z":-151.62013244628907},"rotation":{"x":-0.029612939804792405,"y":-0.624531090259552,"z":0.023510819301009179,"w":-0.7804553508758545},"size":51.354248046875,"orthographic":false}