{"cameraMode":{"drawMode":0,"name":"Shaded","section":"Shading Mode"},"sceneLighting":true,"audioPlay":false,"sceneViewState":{"showFog":true,"showMaterialUpdate":true,"showSkybox":true,"showFlares":true,"showImageEffects":true,"showParticleSystems":true},"in2DMode":false,"pivot":{"x":4.589858055114746,"y":2.6050000190734865,"z":-169.184326171875},"rotation":{"x":0.20640718936920167,"y":-0.5968156456947327,"z":0.16249194741249085,"w":0.7581756711006165},"size":5.312859058380127,"orthographic":false}