{"cameraMode":{"drawMode":0,"name":"Shaded","section":"Shading Mode"},"sceneLighting":true,"audioPlay":false,"sceneViewState":{"showFog":true,"showMaterialUpdate":false,"showSkybox":true,"showFlares":true,"showImageEffects":true,"showParticleSystems":true},"in2DMode":false,"pivot":{"x":-17.874305725097658,"y":11.42428207397461,"z":-5.35797119140625},"rotation":{"x":0.25432294607162478,"y":0.6915911436080933,"z":-0.292443186044693,"w":0.6101652383804321},"size":57.169960021972659,"orthographic":false}