{"cameraMode":{"drawMode":0,"name":"Shaded","section":"Shading Mode"},"sceneLighting":false,"audioPlay":false,"sceneViewState":{"showFog":true,"showMaterialUpdate":false,"showSkybox":true,"showFlares":true,"showImageEffects":true,"showParticleSystems":true},"in2DMode":false,"pivot":{"x":-17.270423889160158,"y":1.498763918876648,"z":-9.143453598022461},"rotation":{"x":-0.0445370115339756,"y":0.8909914493560791,"z":-0.08860991895198822,"w":-0.4436141848564148},"size":32.483699798583987,"orthographic":false}