{"cameraMode":{"drawMode":0,"name":"Shaded","section":"Shading Mode"},"sceneLighting":false,"audioPlay":false,"sceneViewState":{"showFog":true,"showMaterialUpdate":false,"showSkybox":true,"showFlares":true,"showImageEffects":true,"showParticleSystems":true},"in2DMode":false,"pivot":{"x":-13.068181037902832,"y":-4.900449275970459,"z":-21.811037063598634},"rotation":{"x":0.27965712547302248,"y":0.2428918182849884,"z":-0.07225501537322998,"w":0.9267746210098267},"size":53.98255157470703,"orthographic":false}