{"cameraMode":{"drawMode":0,"name":"Shaded","section":"Shading Mode"},"sceneLighting":false,"audioPlay":false,"sceneViewState":{"showFog":true,"showMaterialUpdate":false,"showSkybox":true,"showFlares":true,"showImageEffects":true,"showParticleSystems":true},"in2DMode":false,"pivot":{"x":-4.629098892211914,"y":1.778945803642273,"z":15.683647155761719},"rotation":{"x":-0.07154064625501633,"y":-0.611456573009491,"z":-0.056391458958387378,"w":0.7864241600036621},"size":12.785120010375977,"orthographic":false}