{"cameraMode":{"drawMode":0,"name":"Shaded","section":"Shading Mode"},"sceneLighting":false,"audioPlay":false,"sceneViewState":{"showFog":true,"showMaterialUpdate":false,"showSkybox":true,"showFlares":true,"showImageEffects":true,"showParticleSystems":true},"in2DMode":false,"pivot":{"x":-11.345054626464844,"y":-3.0796303749084474,"z":5.852227210998535},"rotation":{"x":0.09366282820701599,"y":-0.7252513766288757,"z":0.10130102932453156,"w":0.6755117774009705},"size":20.63030433654785,"orthographic":false}