{"cameraMode":{"drawMode":0,"name":"Shaded","section":"Shading Mode"},"sceneLighting":false,"audioPlay":false,"sceneViewState":{"showFog":true,"showMaterialUpdate":false,"showSkybox":true,"showFlares":true,"showImageEffects":true,"showParticleSystems":true},"in2DMode":false,"pivot":{"x":-15.610658645629883,"y":2.4540109634399416,"z":-5.8339524269104},"rotation":{"x":0.12918956577777863,"y":-0.7787659168243408,"z":0.16964030265808106,"w":0.5905078053474426},"size":59.48781967163086,"orthographic":false}