{"cameraMode":{"drawMode":0,"name":"Shaded","section":"Shading Mode"},"sceneLighting":false,"audioPlay":false,"sceneViewState":{"showFog":true,"showMaterialUpdate":false,"showSkybox":true,"showFlares":true,"showImageEffects":true,"showParticleSystems":true},"in2DMode":false,"pivot":{"x":-4.15673828125,"y":2.0608277320861818,"z":10.394177436828614},"rotation":{"x":-0.2888350784778595,"y":0.13198234140872956,"z":-0.03997139632701874,"w":-0.9476562142372131},"size":24.51755142211914,"orthographic":false}