{"cameraMode":{"drawMode":0,"name":"Shaded","section":"Shading Mode"},"sceneLighting":false,"audioPlay":false,"sceneViewState":{"showFog":true,"showMaterialUpdate":false,"showSkybox":true,"showFlares":true,"showImageEffects":true,"showParticleSystems":true},"in2DMode":false,"pivot":{"x":-14.569640159606934,"y":3.6030874252319338,"z":6.259736061096191},"rotation":{"x":0.20978684723377229,"y":-0.7738902568817139,"z":0.3226931691169739,"w":0.504262387752533},"size":56.77210235595703,"orthographic":false}