{"cameraMode":{"drawMode":0,"name":"Shaded","section":"Shading Mode"},"sceneLighting":false,"audioPlay":false,"sceneViewState":{"showFog":true,"showMaterialUpdate":false,"showSkybox":true,"showFlares":true,"showImageEffects":true,"showParticleSystems":true},"in2DMode":false,"pivot":{"x":-11.544137001037598,"y":-5.064190864562988,"z":3.8235044479370119},"rotation":{"x":0.11580786854028702,"y":-0.3584727346897125,"z":0.04591015353798866,"w":0.9259161949157715},"size":20.21073341369629,"orthographic":false}