{"cameraMode":{"drawMode":0,"name":"Shaded","section":"Shading Mode"},"sceneLighting":false,"audioPlay":false,"sceneViewState":{"showFog":true,"showMaterialUpdate":false,"showSkybox":true,"showFlares":true,"showImageEffects":true,"showParticleSystems":true},"in2DMode":false,"pivot":{"x":-13.800237655639649,"y":1.7216598987579346,"z":-5.491898059844971},"rotation":{"x":-0.46314358711242678,"y":0.5350781083106995,"z":-0.4561913013458252,"w":-0.5401536822319031},"size":17.385175704956056,"orthographic":false}