{"cameraMode":{"drawMode":0,"name":"Shaded","section":"Shading Mode"},"sceneLighting":false,"audioPlay":false,"sceneViewState":{"showFog":true,"showMaterialUpdate":false,"showSkybox":true,"showFlares":true,"showImageEffects":true,"showParticleSystems":true},"in2DMode":false,"pivot":{"x":-9.801403999328614,"y":2.7974929809570314,"z":7.993139266967773},"rotation":{"x":0.13508452475070954,"y":-0.5046202540397644,"z":0.08052476495504379,"w":0.84968501329422},"size":25.810386657714845,"orthographic":false}