{"cameraMode":{"drawMode":0,"name":"Shaded","section":"Shading Mode"},"sceneLighting":false,"audioPlay":false,"sceneViewState":{"showFog":true,"showMaterialUpdate":false,"showSkybox":true,"showFlares":true,"showImageEffects":true,"showParticleSystems":true},"in2DMode":false,"pivot":{"x":-0.7957749366760254,"y":8.003228187561036,"z":-22.188499450683595},"rotation":{"x":0.006656322628259659,"y":-0.9811291098594666,"z":0.19254806637763978,"w":0.030149491503834726},"size":14.488524436950684,"orthographic":false}