{"cameraMode":{"drawMode":2,"name":"Shaded Wireframe","section":"Shading Mode"},"sceneLighting":false,"audioPlay":false,"sceneViewState":{"showFog":true,"showMaterialUpdate":false,"showSkybox":true,"showFlares":true,"showImageEffects":true,"showParticleSystems":true},"in2DMode":false,"pivot":{"x":-55.665977478027347,"y":-17.349233627319337,"z":-1.403005599975586},"rotation":{"x":-0.11350713670253754,"y":0.8017942905426025,"z":-0.15930867195129395,"w":-0.565284788608551},"size":66.78131866455078,"orthographic":false}