{"cameraMode":{"drawMode":0,"name":"Shaded","section":"Shading Mode"},"sceneLighting":false,"audioPlay":false,"sceneViewState":{"showFog":true,"showMaterialUpdate":false,"showSkybox":true,"showFlares":true,"showImageEffects":true,"showParticleSystems":true},"in2DMode":false,"pivot":{"x":229.36915588378907,"y":3.495837926864624,"z":822.5317993164063},"rotation":{"x":0.03399484604597092,"y":-0.7641171216964722,"z":0.04038543254137039,"w":0.6430670022964478},"size":1.1936397552490235,"orthographic":false}