{"cameraMode":{"drawMode":0,"name":"Shaded","section":"Shading Mode"},"sceneLighting":true,"audioPlay":false,"sceneViewState":{"showFog":true,"showMaterialUpdate":true,"showSkybox":true,"showFlares":true,"showImageEffects":true,"showParticleSystems":true},"in2DMode":false,"pivot":{"x":4.6812238693237309,"y":12.192416191101075,"z":-177.6744842529297},"rotation":{"x":0.019766906276345254,"y":-0.0641324371099472,"z":0.0012747998116537929,"w":0.9977494478225708},"size":17.902095794677736,"orthographic":false}