{"cameraMode":{"drawMode":0,"name":"Shaded","section":"Shading Mode"},"sceneLighting":true,"audioPlay":false,"sceneViewState":{"showFog":true,"showMaterialUpdate":true,"showSkybox":true,"showFlares":true,"showImageEffects":true,"showParticleSystems":true},"in2DMode":false,"pivot":{"x":-1.4877715110778809,"y":3.5465729236602785,"z":-178.46786499023438},"rotation":{"x":0.17099469900131226,"y":0.8213129639625549,"z":-0.31790292263031008,"w":0.4417608976364136},"size":162.7037353515625,"orthographic":false}