{"cameraMode":{"drawMode":0,"name":"Shaded","section":"Shading Mode"},"sceneLighting":false,"audioPlay":false,"sceneViewState":{"showFog":true,"showMaterialUpdate":false,"showSkybox":true,"showFlares":true,"showImageEffects":true,"showParticleSystems":true},"in2DMode":false,"pivot":{"x":-11.21638011932373,"y":3.6578729152679445,"z":2.0845351219177248},"rotation":{"x":-0.03485827147960663,"y":-0.7179892659187317,"z":-0.03679685667157173,"w":0.6946685910224915},"size":15.681828498840332,"orthographic":false}