{"cameraMode":{"drawMode":0,"name":"Shaded","section":"Shading Mode"},"sceneLighting":false,"audioPlay":false,"sceneViewState":{"showFog":true,"showMaterialUpdate":false,"showSkybox":true,"showFlares":true,"showImageEffects":true,"showParticleSystems":true},"in2DMode":false,"pivot":{"x":-23.022968292236329,"y":-2.7483577728271486,"z":-21.366710662841798},"rotation":{"x":-0.08451344817876816,"y":0.6478408575057983,"z":-0.07212989032268524,"w":-0.7539562582969666},"size":108.29540252685547,"orthographic":false}