{"cameraMode":{"drawMode":0,"name":"Shaded","section":"Shading Mode"},"sceneLighting":false,"audioPlay":false,"sceneViewState":{"showFog":true,"showMaterialUpdate":false,"showSkybox":true,"showFlares":true,"showImageEffects":true,"showParticleSystems":true},"in2DMode":false,"pivot":{"x":0.00005728006362915039,"y":0.6964871883392334,"z":0.006447196006774902},"rotation":{"x":-0.0149083212018013,"y":-0.7569431662559509,"z":0.01726018637418747,"w":-0.6531118750572205},"size":8.281994819641114,"orthographic":false}