{"cameraMode":{"drawMode":0,"name":"Shaded","section":"Shading Mode"},"sceneLighting":false,"audioPlay":false,"sceneViewState":{"showFog":true,"showMaterialUpdate":false,"showSkybox":true,"showFlares":true,"showImageEffects":true,"showParticleSystems":true},"in2DMode":false,"pivot":{"x":-15.558566093444825,"y":-1.220824956893921,"z":6.140683650970459},"rotation":{"x":0.05124223604798317,"y":-0.7960270643234253,"z":0.06686259061098099,"w":0.5998914837837219},"size":36.88984298706055,"orthographic":false}