{"cameraMode":{"drawMode":0,"name":"Shaded","section":"Shading Mode"},"sceneLighting":false,"audioPlay":false,"sceneViewState":{"showFog":true,"showMaterialUpdate":false,"showSkybox":true,"showFlares":true,"showImageEffects":true,"showParticleSystems":true},"in2DMode":false,"pivot":{"x":-11.740570068359375,"y":2.5237555503845217,"z":1.2450885772705079},"rotation":{"x":0.12918956577777863,"y":-0.7787659168243408,"z":0.16964030265808106,"w":0.5905078053474426},"size":87.91411590576172,"orthographic":false}