{"cameraMode":{"drawMode":0,"name":"Shaded","section":"Shading Mode"},"sceneLighting":false,"audioPlay":false,"sceneViewState":{"showFog":true,"showMaterialUpdate":false,"showSkybox":true,"showFlares":true,"showImageEffects":true,"showParticleSystems":true},"in2DMode":false,"pivot":{"x":-9.239431381225586,"y":3.423367977142334,"z":2.6255807876586916},"rotation":{"x":0.15383809804916383,"y":-0.30681443214416506,"z":0.04965422675013542,"w":0.9382885098457336},"size":20.606000900268556,"orthographic":false}