{"cameraMode":{"drawMode":0,"name":"Shaded","section":"Shading Mode"},"sceneLighting":true,"audioPlay":false,"sceneViewState":{"showFog":true,"showMaterialUpdate":false,"showSkybox":true,"showFlares":true,"showImageEffects":true,"showParticleSystems":true},"in2DMode":false,"pivot":{"x":73.700439453125,"y":7.579262733459473,"z":-146.876953125},"rotation":{"x":0.2341674417257309,"y":0.1742049604654312,"z":-0.042626895010471347,"w":0.9555696845054627},"size":0.9678098559379578,"orthographic":false}