{"cameraMode":{"drawMode":0,"name":"Shaded","section":"Shading Mode"},"sceneLighting":true,"audioPlay":false,"sceneViewState":{"showFog":true,"showMaterialUpdate":true,"showSkybox":true,"showFlares":true,"showImageEffects":true,"showParticleSystems":true},"in2DMode":false,"pivot":{"x":122.10559844970703,"y":1.1924753189086915,"z":-18.231346130371095},"rotation":{"x":0.0985458493232727,"y":0.6767284870147705,"z":-0.09212031215429306,"w":0.7237827181816101},"size":4.181210517883301,"orthographic":false}