{"cameraMode":{"drawMode":2,"name":"Shaded Wireframe","section":"Shading Mode"},"sceneLighting":false,"audioPlay":false,"sceneViewState":{"showFog":true,"showMaterialUpdate":false,"showSkybox":true,"showFlares":true,"showImageEffects":true,"showParticleSystems":true},"in2DMode":false,"pivot":{"x":-52.66224670410156,"y":-13.712644577026368,"z":-13.080011367797852},"rotation":{"x":-0.11350713670253754,"y":0.8017942905426025,"z":-0.15930867195129395,"w":-0.565284788608551},"size":90.69611358642578,"orthographic":false}