{"cameraMode":{"drawMode":0,"name":"Shaded","section":"Shading Mode"},"sceneLighting":true,"audioPlay":false,"sceneViewState":{"showFog":true,"showMaterialUpdate":false,"showSkybox":true,"showFlares":true,"showImageEffects":true,"showParticleSystems":true},"in2DMode":false,"pivot":{"x":4.599999904632568,"y":3.09741473197937,"z":-169.28221130371095},"rotation":{"x":-0.2184925377368927,"y":-0.43046626448631289,"z":0.1082267016172409,"w":-0.8690537810325623},"size":12.433696746826172,"orthographic":false}