{"cameraMode":{"drawMode":0,"name":"Shaded","section":"Shading Mode"},"sceneLighting":false,"audioPlay":false,"sceneViewState":{"showFog":true,"showMaterialUpdate":false,"showSkybox":true,"showFlares":true,"showImageEffects":true,"showParticleSystems":true},"in2DMode":false,"pivot":{"x":3.340859889984131,"y":2.926366090774536,"z":13.240091323852539},"rotation":{"x":-0.08420135825872421,"y":0.0155424103140831,"z":-0.0013055364834144712,"w":-0.9963533878326416},"size":4.187377452850342,"orthographic":false}