{"cameraMode":{"drawMode":0,"name":"Shaded","section":"Shading Mode"},"sceneLighting":false,"audioPlay":false,"sceneViewState":{"showFog":true,"showMaterialUpdate":false,"showSkybox":true,"showFlares":true,"showImageEffects":true,"showParticleSystems":true},"in2DMode":false,"pivot":{"x":-13.299298286437989,"y":-0.3372763395309448,"z":12.059045791625977},"rotation":{"x":-0.08451344817876816,"y":0.6478408575057983,"z":-0.07212989032268524,"w":-0.7539562582969666},"size":62.2030143737793,"orthographic":false}