{"cameraMode":{"drawMode":0,"name":"Shaded","section":"Shading Mode"},"sceneLighting":false,"audioPlay":false,"sceneViewState":{"showFog":true,"showMaterialUpdate":false,"showSkybox":true,"showFlares":true,"showImageEffects":true,"showParticleSystems":true},"in2DMode":false,"pivot":{"x":-16.015361785888673,"y":-0.5616111755371094,"z":-11.881997108459473},"rotation":{"x":-0.020276900380849839,"y":-0.9850420355796814,"z":0.17054958641529084,"w":0.01474034134298563},"size":33.940582275390628,"orthographic":false}