{"cameraMode":{"drawMode":0,"name":"Shaded","section":"Shading Mode"},"sceneLighting":false,"audioPlay":false,"sceneViewState":{"showFog":true,"showMaterialUpdate":false,"showSkybox":true,"showFlares":true,"showImageEffects":true,"showParticleSystems":true},"in2DMode":false,"pivot":{"x":-35.57585144042969,"y":-2.5994856357574465,"z":-14.250917434692383},"rotation":{"x":0.29844000935554507,"y":-0.6668298840522766,"z":0.33546656370162966,"w":0.5958823561668396},"size":65.9464111328125,"orthographic":false}