{"cameraMode":{"drawMode":0,"name":"Shaded","section":"Shading Mode"},"sceneLighting":false,"audioPlay":false,"sceneViewState":{"showFog":true,"showMaterialUpdate":false,"showSkybox":true,"showFlares":true,"showImageEffects":true,"showParticleSystems":true},"in2DMode":false,"pivot":{"x":4.632612705230713,"y":4.310338497161865,"z":14.001151084899903},"rotation":{"x":0.05264188349246979,"y":-0.4434102773666382,"z":0.026151487603783609,"w":0.8944985866546631},"size":2.3935768604278566,"orthographic":false}