{"cameraMode":{"drawMode":0,"name":"Shaded","section":"Shading Mode"},"sceneLighting":false,"audioPlay":false,"sceneViewState":{"showFog":true,"showMaterialUpdate":false,"showSkybox":true,"showFlares":true,"showImageEffects":true,"showParticleSystems":true},"in2DMode":false,"pivot":{"x":-13.299299240112305,"y":-0.3372763395309448,"z":12.059041976928711},"rotation":{"x":0.2506764829158783,"y":0.38444986939430239,"z":-0.10810596495866776,"w":0.8826144933700562},"size":45.06454086303711,"orthographic":false}