{"cameraMode":{"drawMode":0,"name":"Shaded","section":"Shading Mode"},"sceneLighting":false,"audioPlay":false,"sceneViewState":{"showFog":true,"showMaterialUpdate":false,"showSkybox":true,"showFlares":true,"showImageEffects":true,"showParticleSystems":true},"in2DMode":false,"pivot":{"x":4.217651844024658,"y":3.9408762454986574,"z":11.693233489990235},"rotation":{"x":0.05851156637072563,"y":-0.23845238983631135,"z":0.01448061689734459,"w":0.9693787693977356},"size":7.482751369476318,"orthographic":false}