{"cameraMode":{"drawMode":0,"name":"Shaded","section":"Shading Mode"},"sceneLighting":true,"audioPlay":false,"sceneViewState":{"showFog":true,"showMaterialUpdate":true,"showSkybox":true,"showFlares":true,"showImageEffects":true,"showParticleSystems":true},"in2DMode":false,"pivot":{"x":6.389858245849609,"y":2.6050000190734865,"z":-175.77432250976563},"rotation":{"x":0.22608338296413423,"y":0.49136900901794436,"z":-0.13376492261886598,"w":0.8303973078727722},"size":5.312859058380127,"orthographic":false}