{"cameraMode":{"drawMode":0,"name":"Shaded","section":"Shading Mode"},"sceneLighting":false,"audioPlay":false,"sceneViewState":{"showFog":true,"showMaterialUpdate":false,"showSkybox":true,"showFlares":true,"showImageEffects":true,"showParticleSystems":true},"in2DMode":false,"pivot":{"x":-15.000036239624024,"y":10.562723159790039,"z":-8.909832000732422},"rotation":{"x":-0.19395636022090913,"y":-0.6676770448684692,"z":0.18784640729427339,"w":-0.6942272782325745},"size":55.77971649169922,"orthographic":false}